Species_ID_shark-references,Genus,Species,Author,,
85,Aculeola,nigra,"DE BUEN, 1959",,
112,Aetobatus,flagellum,"(BLOCH & SCHNEIDER, 1801)",,
9963,Aetobatus,laticeps,"(GILL, 1865)",,
118,Aetobatus,narinari,"(EUPHRASEN, 1790)",,
13830,Aetobatus,narutobiei,"WHITE, FURUMITSU & YAMAGUCHI, 2013",,
119,Aetobatus,ocellatus,"(KUHL, 1823)",,
14099,Aetomylaeus,asperrimus,"(GILBERT, 1898)",,
14100,Aetomylaeus,bovinus,"(GEOFFROY SAINT-HILAIRE, 1817)",,
14405,Aetomylaeus,caeruleofasciatus,"WHITE, LAST & BAJE, 2016",,
138,Aetomylaeus,maculatus,"(GRAY, 1834)",,
139,Aetomylaeus,milvus,"(MÜLLER & HENLE, 1841)",,
140,Aetomylaeus,nichofii,"(BLOCH & SCHNEIDER, 1801)",,
143,Aetomylaeus,vespertilio,"(BLEEKER, 1852)",,
189,Alopias,pelagicus,"NAKAMURA, 1935",,
194,Alopias,superciliosus,"(LOWE, 1841)",,
198,Alopias,vulpinus,"(BONNATERRE, 1788)",,
203,Amblyraja,badia,"(GARMAN, 1899)",,
204,Amblyraja,doellojuradoi,"(POZZI, 1935)",,
205,Amblyraja,frerichsi,"(KREFFT, 1968)",,
206,Amblyraja,georgiana,"(NORMAN, 1938)",,
207,Amblyraja,hyperborea,"(COLLETT, 1879)",,
208,Amblyraja,jenseni,"(BIGELOW & SCHROEDER, 1950)",,
209,Amblyraja,radiata,"(DONOVAN, 1808)",,
210,Amblyraja,reversa,"(LLOYD, 1906)",,
211,Amblyraja,robertsi,"(HULLEY, 1970)",,
212,Amblyraja,taaf,"(MEISSNER, 1987)",,
223,Anacanthobatis,americanus,"BIGELOW & SCHROEDER, 1962",,
225,Anacanthobatis,donghaiensis,"(DENG, XIONG & ZHAN, 1983)",,
228,Anacanthobatis,folirostris,"(BIGELOW & SCHROEDER, 1951)",,
229,Anacanthobatis,longirostris,"BIGELOW & SCHROEDER, 1962",,
230,Anacanthobatis,marmoratus,"(VON BONDE & SWART, 1923)",,
274,Anoxypristis,cuspidata,"(LATHAM, 1794)",,
305,Apristurus,albisoma,"NAKAYA & SÉRET, 1999",,
306,Apristurus,ampliceps,"SASAHARA, SATO & NAKAYA, 2008",,
307,Apristurus,aphyodes,"NAKAYA & STEHMANN, 1998",,
309,Apristurus,australis,"SATO, NAKAYA & YOROZU, 2008",,
14149,Apristurus,breviventralis,"KAWAUCHI, WEIGMANN & NAKAYA, 2014",,
311,Apristurus,brunneus,"(GILBERT, 1892)",,
312,Apristurus,bucephalus,"WHITE, LAST & POGONOSKI, 2008",,
313,Apristurus,canutus,"SPRINGER & HEEMSTRA, 1979",,
314,Apristurus,exsanguis,"SATO, NAKAYA & STEWART, 1999",,
315,Apristurus,fedorovi,"DOLGANOV, 1983",,
13430,Apristurus,garricki,"SATO, STEWART & NAKAYA, 2013",,
316,Apristurus,gibbosus,"MENG, CHU & LI, 1985",,
317,Apristurus,herklotsi,"(FOWLER, 1934)",,
318,Apristurus,indicus,"(BRAUER, 1906)",,
319,Apristurus,internatus,"DENG, XIONG & ZHAN, 1988",,
320,Apristurus,investigatoris,"(MISRA, 1962)",,
321,Apristurus,japonicus,"NAKAYA, 1975",,
322,Apristurus,kampae,"TAYLOR, 1972",,
324,Apristurus,laurussonii,"(SAEMUNDSSON, 1922)",,
327,Apristurus,longicephalus,"NAKAYA, 1975",,
328,Apristurus,macrorhynchus,"(TANAKA, 1909)",,
329,Apristurus,macrostomus,"CHU, MENG & LI, 1985",,
331,Apristurus,manis,"(SPRINGER, 1979)",,
332,Apristurus,melanoasper,"IGLÉSIAS, NAKAYA & STEHMANN, 2004",,
333,Apristurus,microps,"(GILCHRIST, 1922)",,
334,Apristurus,micropterygeus,"MENG, CHU & LI, 1986",,
13257,Apristurus,nakayai,"IGLÉSIAS, 2012",,
335,Apristurus,nasutus,"DE BUEN, 1959",,
336,Apristurus,parvipinnis,"SPRINGER & HEEMSTRA, 1979",,
337,Apristurus,pinguis,"DENG, XIONG & ZHAN, 1983",,
338,Apristurus,platyrhynchus,"(TANAKA, 1909)",,
340,Apristurus,profundorum,"(GOODE & BEAN, 1896)",,
341,Apristurus,riveri,"BIGELOW & SCHROEDER, 1944",,
342,Apristurus,saldanha,"(BARNARD, 1925)",,
344,Apristurus,sibogae,"(WEBER, 1913)",,
345,Apristurus,sinensis,"CHU & HU, 1981",,
347,Apristurus,spongiceps,"(GILBERT, 1905)",,
348,Apristurus,stenseni,"(SPRINGER, 1979)",,
353,Aptychotrema,bougainvillii,"(MÜLLER & HENLE, 1841)",,
355,Aptychotrema,rostrata,"(SHAW, 1794)",,
357,Aptychotrema,timorensis,"LAST, 2004",,
358,Aptychotrema,vincentiana,"(HAACKE, 1885)",,
393,Arhynchobatis,asperrimus,"WAITE, 1909",,
450,Asymbolus,analis,"(OGILBY, 1885)",,
451,Asymbolus,funebris,"COMPAGNO, STEVENS & LAST, 1999",,
452,Asymbolus,galacticus,"SÉRET & LAST, 2008",,
453,Asymbolus,occiduus,"LAST, GOMON & GLEDHILL, 1999",,
454,Asymbolus,pallidus,"LAST, GOMON & GLEDHILL, 1999",,
455,Asymbolus,parvus,"COMPAGNO, STEVENS & LAST, 1999",,
456,Asymbolus,rubiginosus,"LAST, GOMON & GLEDHILL, 1999",,
458,Asymbolus,submaculatus,"COMPAGNO, STEVENS & LAST, 1999",,
459,Asymbolus,vincenti,"(ZIETZ, 1908)",,
462,Atelomycterus,baliensis,"WHITE, LAST & DHARMADI, 2005",,
14262,Atelomycterus,erdmanni,"FAHMI & WHITE, 2015",,
463,Atelomycterus,fasciatus,"COMPAGNO & STEVENS, 1993",,
464,Atelomycterus,macleayi,"WHITLEY, 1939",,
466,Atelomycterus,marmoratus,"(BENNETT, 1830)",,
467,Atelomycterus,marnkalha,"JACOBSEN & BENNETT, 2007",,
470,Atlantoraja,castelnaui,"(MIRANDA RIBEIRO, 1907)",,
471,Atlantoraja,cyclophora,"(REGAN, 1903)",,
472,Atlantoraja,platana,"(GÜNTHER, 1880)",,
480,Aulohalaelurus,kanakorum,"SÉRET, 1990",,
481,Aulohalaelurus,labiosus,"(WAITE, 1905)",,
494,Bathyraja,abyssicola,"(GILBERT, 1896)",,
495,Bathyraja,aguja,"(KENDALL & RADCLIFFE, 1912)",,
496,Bathyraja,albomaculata,"(NORMAN, 1937)",,
497,Bathyraja,aleutica,"(GILBERT, 1896)",,
498,Bathyraja,andriashevi,"DOLGANOV, 1983",,
500,Bathyraja,bergi,"DOLGANOV, 1983",,
501,Bathyraja,brachyurops,"(FOWLER, 1910)",,
502,Bathyraja,caeluronigricans,"ISHIYAMA & ISHIHARA, 1977",,
503,Bathyraja,cousseauae,"DÍAZ DE ASTARLOA & MABRAGAÑA, 2004",,
505,Bathyraja,diplotaenia,"(ISHIYAMA, 1952)",,
507,Bathyraja,eatonii,"(GÜNTHER, 1876)",,
509,Bathyraja,fedorovi,"DOLGANOV, 1983",,
510,Bathyraja,griseocauda,"(NORMAN, 1937)",,
511,Bathyraja,hesperafricana,"STEHMANN, 1995",,
513,Bathyraja,interrupta,"(GILL & TOWNSEND, 1897)",,
514,Bathyraja,irrasa,"HUREAU & OZOUF-COSTAZ, 1980",,
515,Bathyraja,ishiharai,"STEHMANN, 2005",,
516,Bathyraja,isotrachys,"(GÜNTHER, 1877)",,
518,Bathyraja,kincaidii,"(GARMAN, 1908)",,
11975,Bathyraja,leucomelanos,"IGLÉSIAS & LÉVY-HARTMANN, 2012",,
519,Bathyraja,lindbergi,"ISHIYAMA & ISHIHARA, 1977",,
520,Bathyraja,longicauda,"(DE BUEN, 1959)",,
521,Bathyraja,maccaini,"SPRINGER, 1971",,
522,Bathyraja,macloviana,"(NORMAN, 1937)",,
523,Bathyraja,maculata,"ISHIYAMA & ISHIHARA, 1977",,
524,Bathyraja,magellanica,"(PHILIPPI, 1902)",,
525,Bathyraja,mariposa,"STEVENSON, ORR, HOFF & McEACHRAN, 2004",,
526,Bathyraja,matsubarai,"(ISHIYAMA, 1952)",,
527,Bathyraja,meridionalis,"STEHMANN, 1987",,
529,Bathyraja,minispinosa,"ISHIYAMA & ISHIHARA, 1977",,
530,Bathyraja,multispinis,"(NORMAN, 1937)",,
531,Bathyraja,murrayi,"(GÜNTHER, 1880)",,
533,Bathyraja,notoroensis,"ISHIYAMA & ISHIHARA, 1977",,
534,Bathyraja,pallida,"(FORSTER, 1967)",,
12435,Bathyraja,panthera,"ORR, STEVENSON, HOFF, SPIES & MCEACHRAN, 2011",,
536,Bathyraja,papilionifera,"STEHMANN, 1985",,
538,Bathyraja,parmifera,"(BEAN, 1881)",,
539,Bathyraja,peruana,"McEACHRAN & MIYAKE, 1984",,
541,Bathyraja,richardsoni,"(GARRICK, 1961)",,
543,Bathyraja,scaphiops,"(NORMAN, 1937)",,
544,Bathyraja,schroederi,"(KREFFT, 1968)",,
545,Bathyraja,shuntovi,"DOLGANOV, 1985",,
546,Bathyraja,simoterus,"(ISHIYAMA, 1967)",,
547,Bathyraja,smirnovi,"(SOLDATOV & PAVLENKO, 1915)",,
548,Bathyraja,smithii,"(MÜLLER & HENLE, 1841)",,
550,Bathyraja,spinicauda,"(JENSEN, 1914)",,
552,Bathyraja,spinosissima,"(BEEBE & TEE-VAN, 1941)",,
553,Bathyraja,taranetzi,"(DOLGANOV, 1983)",,
555,Bathyraja,trachouros,"(ISHIYAMA, 1958)",,
556,Bathyraja,trachura,"(GILBERT, 1892)",,
557,Bathyraja,tunae,"STEHMANN, 2005",,
558,Bathyraja,tzinovskii,"DOLGANOV, 1983",,
559,Bathyraja,violacea,"(SUVOROV, 1935)",,
578,Benthobatis,kreffti,"RINCON, STEHMANN & VOOREN, 2001",,
579,Benthobatis,marcida,"BEAN & WEED, 1909",,
580,Benthobatis,moresbyi,"ALCOCK, 1898",,
581,Benthobatis,yangi,"CARVALHO, COMPAGNO & EBERT, 2003",,
13990,Beringraja,binoculata,"(GIRARD, 1855)",,
599,Brachaelurus,colcloughi,"OGILBY, 1908",,
605,Brachaelurus,waddi,"(BLOCH & SCHNEIDER, 1801)",,
11082,Breviraja,abasiriensis,"ISHIYAMA, 1952",,
621,Breviraja,claramaculata,"McEACHRAN & MATHESON, 1985",,
622,Breviraja,colesi,"BIGELOW & SCHROEDER, 1948",,
628,Breviraja,marklei,"McEACHRAN & MIYAKE, 1987",,
630,Breviraja,mouldi,"McEACHRAN & MATHESON, 1995",,
632,Breviraja,nigriventralis,"McEACHRAN & MATHESON, 1985",,
641,Breviraja,spinosa,"BIGELOW & SCHROEDER, 1950",,
9496,Brochiraja,aenigma,"LAST & McEACHRAN, 2006",,
9497,Brochiraja,albilabiata,"LAST & McEACHRAN, 2006",,
9494,Brochiraja,asperula,"(GARRICK & PAUL, 1974)",,
11945,Brochiraja,heuresa,"LAST & SÉRET, 2012",,
9498,Brochiraja,leviveneta,"LAST & McEACHRAN, 2006",,
9499,Brochiraja,microspinifera,"LAST & McEACHRAN, 2006",,
9495,Brochiraja,spinifera,"(GARRICK & PAUL, 1974)",,
11946,Brochiraja,vittacauda,"LAST & SÉRET, 2012",,
650,Bythaelurus,alcockii,"(GARMAN, 1913)",,
651,Bythaelurus,canescens,"(GÜNTHER, 1878)",,
652,Bythaelurus,clevai,"(SÉRET, 1987)",,
653,Bythaelurus,dawsoni,"(SPRINGER, 1971)",,
12005,Bythaelurus,giddingsi,"McCOSKER, LONG & BALDWIN, 2012",,
654,Bythaelurus,hispidus,"(ALCOCK, 1891)",,
655,Bythaelurus,immaculatus,"(CHU & MENG, 1982)",,
656,Bythaelurus,incanus,"LAST & STEVENS, 2008",,
657,Bythaelurus,lutarius,"(SPRINGER & D'AUBREY, 1972)",,
14392,Bythaelurus,naylori,"EBERT & CLERKIN, 2015",,
14435,Bythaelurus,tenuicephalus,"KASCHNER, WEIGMANN & THIEL, 2015",,
703,Carcharhinus,acronotus,"(POEY, 1860)",,
709,Carcharhinus,albimarginatus,"(RÜPPELL, 1837)",,
710,Carcharhinus,altimus,"(SPRINGER, 1950)",,
714,Carcharhinus,amblyrhynchoides,"(WHITLEY, 1934)",,
715,Carcharhinus,amblyrhynchos,"(BLEEKER, 1856)",,
717,Carcharhinus,amboinensis,"(MÜLLER & HENLE, 1839)",,
726,Carcharhinus,borneensis,"(BLEEKER, 1858)",,
727,Carcharhinus,brachyurus,"(GÜNTHER, 1870)",,
729,Carcharhinus,brevipinna,"(MÜLLER & HENLE, 1839)",,
733,Carcharhinus,cautus,"(WHITLEY, 1945)",,
12109,Carcharhinus,coatesi,"(WHITLEY, 1939)",,
743,Carcharhinus,dussumieri,"(MÜLLER & HENLE, 1839)",,
749,Carcharhinus,falciformis,"(MÜLLER & HENLE, 1839)",,
751,Carcharhinus,fitzroyensis,"(WHITLEY, 1943)",,
755,Carcharhinus,galapagensis,"(SNODGRASS & HELLER, 1905)",,
762,Carcharhinus,hemiodon,"(MÜLLER & HENLE, 1839)",,
14062,Carcharhinus,humani,"WHITE & WEIGMANN, 2014",,
767,Carcharhinus,isodon,"(MÜLLER & HENLE, 1839)",,
773,Carcharhinus,leiodon,"GARRICK, 1985",,
774,Carcharhinus,leucas,"(MÜLLER & HENLE, 1839)",,
775,Carcharhinus,limbatus,"(MÜLLER & HENLE, 1839)",,
776,Carcharhinus,longimanus,"(POEY, 1861)",,
779,Carcharhinus,macloti,"(MÜLLER & HENLE, 1839)",,
789,Carcharhinus,melanopterus,"(QUOY & GAIMARD, 1824)",,
803,Carcharhinus,obscurus,"(LESUEUR, 1818)",,
810,Carcharhinus,perezii,"(POEY, 1876)",,
815,Carcharhinus,plumbeus,"(NARDO, 1827)",,
817,Carcharhinus,porosus,"(RANZANI, 1839)",,
828,Carcharhinus,sealei,"(PIETSCHMANN, 1913)",,
830,Carcharhinus,signatus,"(POEY, 1868)",,
833,Carcharhinus,sorrah,"(MÜLLER & HENLE, 1839)",,
845,Carcharhinus,tilstoni,"(WHITLEY, 1950)",,
846,Carcharhinus,tjutjot,"(BLEEKER, 1852)",,
1045,Carcharias,taurus,"RAFINESQUE, 1810",,
1150,Carcharodon,carcharias,"(LINNAEUS, 1758)",,
1229,Centrophorus,atromarginatus,"GARMAN, 1913",,
1238,Centrophorus,granulosus,"(BLOCH & SCHNEIDER, 1801)",,
1239,Centrophorus,harrissoni,"MCCULLOCH, 1915",,
1241,Centrophorus,isodon,"(CHU, MENG & LIU, 1981)",,
1244,Centrophorus,lusitanicus,"BARBOSA DU BOCAGE & DE BRITO CAPELLO, 1864",,
1245,Centrophorus,moluccensis,"BLEEKER, 1860",,
1253,Centrophorus,seychellorum,"BARANES, 2003",,
1255,Centrophorus,squamosus,"(BONNATERRE, 1788)",,
1260,Centrophorus,tessellatus,"GARMAN, 1906",,
1261,Centrophorus,uyato,"(RAFINESQUE, 1810)",,
1263,Centrophorus,westraliensis,"WHITE, EBERT & COMPAGNO, 2008",,
1264,Centrophorus,zeehaani,"WHITE, EBERT & COMPAGNO, 2008",,
1268,Centroscyllium,excelsum,"SHIRAI & NAKAYA, 1990",,
1269,Centroscyllium,fabricii,"(REINHARDT, 1825)",,
1271,Centroscyllium,granulatum,"GÜNTHER, 1887",,
1272,Centroscyllium,kamoharai,"ABE, 1966",,
1273,Centroscyllium,nigrum,"GARMAN, 1899",,
1274,Centroscyllium,ornatum,"(ALCOCK, 1889)",,
1275,Centroscyllium,ritteri,"JORDAN & FOWLER, 1903",,
1281,Centroscymnus,coelolepis,"BARBOSA DU BOCAGE & DE BRITO CAPELLO, 1864",,
1289,Centroscymnus,owstonii,"GARMAN, 1906",,
8556,Centroselachus,crepidater,"(BARBOSA DU BOCAGE & DE BRITO CAPELLO, 1864)",,
1300,Cephaloscyllium,albipinnum,"LAST, MOTOMURA & WHITE, 2008",,
1302,Cephaloscyllium,cooki,"LAST, SÉRET & WHITE, 2008",,
1303,Cephaloscyllium,fasciatum,"CHAN, 1966",,
13814,Cephaloscyllium,formosanum,"TENG, 1962",,
1304,Cephaloscyllium,hiscosellum,"WHITE & EBERT, 2008",,
1306,Cephaloscyllium,isabellum,"(BONNATERRE, 1788)",,
1307,Cephaloscyllium,laticeps,"(DUMÉRIL, 1853)",,
1310,Cephaloscyllium,pictum,"LAST, SÉRET & WHITE, 2008",,
1311,Cephaloscyllium,sarawakensis,"YANO, AHMED, GAMBANG, HAMAD IDRIS, SOLAHUDDIN & AZNAN, 2005",,
1312,Cephaloscyllium,signourum,"LAST, SÉRET & WHITE, 2008",,
1313,Cephaloscyllium,silasi,"(TALWAR, 1974)",,
1315,Cephaloscyllium,speccum,"LAST, SÉRET & WHITE, 2008",,
11012,Cephaloscyllium,stevensi,"CLARK & RANDALL, 2011",,
1316,Cephaloscyllium,sufflans,"(REGAN, 1921)",,
1317,Cephaloscyllium,umbratile,"JORDAN & FOWLER, 1903",,
1319,Cephaloscyllium,variegatum,"LAST & WHITE, 2008",,
1320,Cephaloscyllium,ventriosum,"(GARMAN, 1880)",,
1321,Cephaloscyllium,zebrum,"LAST & WHITE, 2008",,
1322,Cephalurus,cephalus,"(GILBERT, 1892)",,
1347,Cetorhinus,maximus,"(GUNNERUS, 1765)",,
1364,Chaenogaleus,macrostoma,"(BLEEKER, 1852)",,
1373,Chiloscyllium,arabicum,"GUBANOV, 1980",,
1376,Chiloscyllium,burmensis,"DINGERKUS & DE FINO, 1983",,
1377,Chiloscyllium,caeruleopunctatum,"PELLEGRIN, 1914",,
1388,Chiloscyllium,griseum,"MÜLLER & HENLE, 1838",,
1392,Chiloscyllium,hasseltii,"BLEEKER, 1852",,
1394,Chiloscyllium,indicum,"(GMELIN, 1789)",,
1406,Chiloscyllium,plagiosum,"(BENNETT, 1830)",,
1408,Chiloscyllium,punctatum,"MÜLLER & HENLE, 1838",,
8218,Chlamydoselachus,africana,"EBERT & COMPAGNO, 2009",,
1453,Chlamydoselachus,anguineus,"GARMAN, 1884",,
1465,Cirrhigaleus,asper,"(MERRETT, 1973)",,
1466,Cirrhigaleus,australis,"WHITE, LAST & STEVENS, 2007",,
1467,Cirrhigaleus,barbifer,"TANAKA, 1912",,
1468,Cirrhoscyllium,expolitum,"SMITH & RADCLIFFE, 1913",,
1470,Cirrhoscyllium,formosanum,"TENG, 1959",,
1471,Cirrhoscyllium,japonicum,"KAMOHARA, 1943",,
1568,Crassinarke,dormitor,"TAKAGI, 1951",,
1671,Cruriraja,andamanica,"(LLOYD, 1909)",,
1672,Cruriraja,atlantis,"BIGELOW & SCHROEDER, 1948",,
1673,Cruriraja,cadenati,"BIGELOW & SCHROEDER, 1962",,
1674,Cruriraja,durbanensis,"(VON BONDE & SWART, 1923)",,
10162,Cruriraja,hulleyi,"ASCHLIMAN, EBERT & COMPAGNO, 2010",,
1675,Cruriraja,parcomaculata,"(VON BONDE & SWART, 1923)",,
1676,Cruriraja,poeyi,"BIGELOW & SCHROEDER, 1948",,
1677,Cruriraja,rugosa,"BIGELOW & SCHROEDER, 1958",,
1700,Ctenacis,fehlmanni,"(SPRINGER, 1968)",,
1711,Dactylobatus,armatus,"BEAN & WEED, 1909",,
1713,Dactylobatus,clarkii,"(BIGELOW & SCHROEDER, 1958)",,
1718,Dalatias,licha,"(BONNATERRE, 1788)",,
1735,Dasyatis,acutirostra,"NISHIDA & NAKAYA, 1988",,
1740,Dasyatis,akajei,"(MÜLLER & HENLE, 1841)",,
1746,Dasyatis,americana,"HILDEBRAND & SCHROEDER, 1928",,
1755,Dasyatis,bennettii,"(MÜLLER & HENLE, 1841)",,
1762,Dasyatis,brevicaudata,"(HUTTON, 1875)",,
1764,Dasyatis,brevis,"(GARMAN, 1880)",,
1769,Dasyatis,centroura,"(MITCHILL, 1815)",,
1778,Dasyatis,chrysonota,"(SMITH, 1828)",,
1781,Dasyatis,colarensis,"SANTOS, GOMES & CHARVET-ALMEIDA, 2004",,
1790,Dasyatis,dipterura,"(JORDAN & GILBERT, 1880)",,
1797,Dasyatis,fluviorum,"OGILBY, 1908",,
1800,Dasyatis,garouaensis,"(STAUCH & BLANC, 1962)",,
1803,Dasyatis,geijskesi,"BOESEMAN, 1948",,
1806,Dasyatis,gigantea,"(LINDBERG, 1930)",,
1813,Dasyatis,guttata,"(BLOCH & SCHNEIDER, 1801)",,
1815,Dasyatis,hastata,"(DEKAY, 1842)",,
1822,Dasyatis,hypostigma,"SANTOS & CARVALHO, 2004",,
1825,Dasyatis,izuensis,"NISHIDA & NAKAYA, 1988",,
1832,Dasyatis,laevigata,"CHU, 1960",,
1835,Dasyatis,laosensis,"ROBERTS & KARNASUTA, 1987",,
1836,Dasyatis,lata,"(GARMAN, 1880)",,
1840,Dasyatis,longa,"(GARMAN, 1880)",,
13784,Dasyatis,longicauda,"LAST & WHITE, 2013",,
1846,Dasyatis,margarita,"(GÜNTHER, 1870)",,
1847,Dasyatis,margaritella,"COMPAGNO & ROBERTS, 1984",,
1849,Dasyatis,marianae,"GOMES, ROSA & GADIG, 2000",,
1850,Dasyatis,marmorata,"(STEINDACHNER, 1892)",,
1853,Dasyatis,matsubarai,"MIYOSI, 1939",,
1855,Dasyatis,microps,"(ANNANDALE, 1908)",,
1860,Dasyatis,multispinosa,"(TOKAREV, 1959)",,
1862,Dasyatis,navarrae,"(STEINDACHNER, 1892)",,
1867,Dasyatis,parvonigra,"LAST & WHITE, 2008",,
1868,Dasyatis,pastinaca,"(LINNAEUS, 1758)",,
1882,Dasyatis,rudis,"(GÜNTHER, 1870)",,
1885,Dasyatis,sabina,"(LESUEUR, 1824)",,
1887,Dasyatis,say,"(LESUEUR, 1817)",,
1897,Dasyatis,sinensis,"(STEINDACHNER, 1892)",,
1906,Dasyatis,thetidis,"OGILBY, 1899",,
1909,Dasyatis,tortonesei,"CAPAPÉ, 1975",,
1917,Dasyatis,ukpam,"(SMITH, 1863)",,
1919,Dasyatis,ushiei,"(JORDAN & HUBBS, 1925)",,
1930,Dasyatis,zugei,"(MÜLLER & HENLE, 1841)",,
1937,Deania,calcea,"(LOWE, 1839)",,
1944,Deania,hystricosa,"(GARMAN, 1906)",,
1948,Deania,profundorum,"(SMITH & RADCLIFFE, 1912)",,
1949,Deania,quadrispinosa,"(MCCULLOCH, 1915)",,
10672,Dentiraja,lemprieri,"(RICHARDSON, 1845)",,
1970,Diplobatis,colombiensis,"FECHHELM & McEACHRAN, 1984",,
1972,Diplobatis,guamachensis,"MARTÍN SALAZAR, 1957",,
1973,Diplobatis,ommata,"(JORDAN & GILBERT, 1890)",,
1975,Diplobatis,pictus,"PALMER, 1950",,
1977,Dipturus,acrobelus,"LAST, WHITE & POGONOSKI, 2008",,
13816,Dipturus,amphispinus,"LAST & ALAVA, 2013",,
1978,Dipturus,apricus,"LAST, WHITE & POGONOSKI, 2008",,
1979,Dipturus,argentinensis,"DÍAZ DE ASTARLOA, MABRAGAÑA, HANNER & FIGUEROA, 2008",,
1980,Dipturus,australis,"(MACLEAY, 1884)",,
1981,Dipturus,batis,"(LINNAEUS, 1758)",,
1983,Dipturus,bullisi,"(BIGELOW & SCHROEDER, 1962)",,
1984,Dipturus,campbelli,"(WALLACE, 1967)",,
1985,Dipturus,canutus,"LAST, 2008",,
1986,Dipturus,cerva,"(WHITLEY, 1939)",,
1989,Dipturus,confusus,"LAST, 2008",,
1990,Dipturus,crosnieri,"(SÉRET, 1989)",,
1991,Dipturus,diehli,"SOTO & MINCARONE, 2001",,
1992,Dipturus,doutrei,"(CADENAT, 1960)",,
1993,Dipturus,ecuadoriensis,"(BEEBE & TEE-VAN, 1941)",,
1994,Dipturus,endeavouri,"LAST, 2008",,
1995,Dipturus,falloargus,"LAST, 2008",,
1996,Dipturus,flavirostris,"(PHILIPPI, 1892)",,
11826,Dipturus,flindersi,"(LAST & GLEDHILL, 2008)",,
1997,Dipturus,garricki,"(BIGELOW & SCHROEDER, 1958)",,
1998,Dipturus,gigas,"(ISHIYAMA, 1958)",,
1999,Dipturus,grahami,"LAST, 2008",,
2000,Dipturus,gudgeri,"(WHITLEY, 1940)",,
2001,Dipturus,healdi,"LAST, WHITE & POGONOSKI, 2008",,
2002,Dipturus,innominatus,"(GARRICK & PAUL, 1974)",,
2004,Dipturus,johannisdavisi,"(ALCOCK, 1899)",,
2006,Dipturus,kwangtungensis,"(CHU, 1960)",,
2007,Dipturus,laevis,"(MITCHILL, 1818)",,
2008,Dipturus,lanceorostratus,"(WALLACE, 1967)",,
2010,Dipturus,leptocauda,"(KREFFT & STEHMANN, 1975)",,
2014,Dipturus,macrocauda,"(ISHIYAMA, 1955)",,
2016,Dipturus,melanospilus,"LAST, WHITE & POGONOSKI, 2008",,
2017,Dipturus,mennii,"GOMES & PARAGÓ, 2001",,
2019,Dipturus,nidarosiensis,"(STORM, 1881)",,
2021,Dipturus,oculus,"LAST, 2008",,
2022,Dipturus,olseni,"(BIGELOW & SCHROEDER, 1951)",,
2023,Dipturus,oregoni,"(BIGELOW & SCHROEDER, 1958)",,
2026,Dipturus,oxyrinchus,"(LINNAEUS, 1758)",,
2027,Dipturus,polyommata,"(OGILBY, 1910)",,
2029,Dipturus,pullopunctatus,"(SMITH, 1964)",,
2030,Dipturus,queenslandicus,"LAST, WHITE & POGONOSKI, 2008",,
2032,Dipturus,springeri,"(WALLACE, 1967)",,
2033,Dipturus,stenorhynchus,"(WALLACE, 1967)",,
2034,Dipturus,teevani,"(BIGELOW & SCHROEDER, 1951)",,
2035,Dipturus,tengu,"(JORDAN & FOWLER, 1903)",,
2036,Dipturus,trachyderma,"(KREFFT & STEHMANN, 1975)",,
2038,Dipturus,wengi,"SÉRET & LAST, 2008",,
2039,Dipturus,whitleyi,"(IREDALE, 1938)",,
2040,Dipturus,wuhanlingi,"JEONG & NAKABO, 2008",,
7705,Discopyge,castelloi,"MENNI, RINCON & GARCIA, 2008",,
2043,Discopyge,tschudii,"HECKEL, 1846",,
2061,Echinorhinus,brucus,"(BONNATERRE, 1788)",,
2064,Echinorhinus,cookei,"PIETSCHMANN, 1928",,
10399,Electrolux,addisoni,"COMPAGNO & HEEMSTRA, 2007",,
2147,Eridacnis,barbouri,"(BIGELOW & SCHROEDER, 1944)",,
2148,Eridacnis,radcliffei,"SMITH, 1913",,
2150,Eridacnis,sinuans,"(SMITH, 1957)",,
14530,Etmopterus,benchleyi,"VÁSQUEZ, EBERT & LONG, 2015",,
2157,Etmopterus,bigelowi,"SHIRAI & TACHIKAWA, 1993",,
2159,Etmopterus,brachyurus,"SMITH & RADCLIFFE, 1912",,
2160,Etmopterus,bullisi,"BIGELOW & SCHROEDER, 1957",,
2161,Etmopterus,burgessi,"SCHAAF-DA SILVA & EBERT, 2006",,
2163,Etmopterus,carteri,"SPRINGER & BURGESS, 1985",,
2164,Etmopterus,caudistigmus,"LAST, BURGESS & SÉRET, 2002",,
2166,Etmopterus,compagnoi,"FRICKE & KOCH, 1990",,
2167,Etmopterus,decacuspidatus,"CHAN, 1966",,
2168,Etmopterus,dianthus,"LAST, BURGESS & SÉRET, 2002",,
2169,Etmopterus,dislineatus,"LAST, BURGESS & SÉRET, 2002",,
2170,Etmopterus,evansi,"LAST, BURGESS & SÉRET, 2002",,
2172,Etmopterus,fusus,"LAST, BURGESS & SÉRET, 2002",,
2173,Etmopterus,gracilispinis,"KREFFT, 1968",,
2174,Etmopterus,granulosus,"(GÜNTHER, 1880)",,
2175,Etmopterus,hillianus,"(POEY, 1861)",,
11011,Etmopterus,joungi,"KNUCKEY, EBERT & BURGESS, 2011",,
2176,Etmopterus,litvinovi,"PARIN & KOTLYAR, 1990",,
2177,Etmopterus,lucifer,"JORDAN & SNYDER, 1902",,
2178,Etmopterus,molleri,"(WHITLEY, 1939)",,
2180,Etmopterus,perryi,"SPRINGER & BURGESS, 1985",,
2181,Etmopterus,polli,"BIGELOW, SCHROEDER & SPRINGER, 1953",,
2182,Etmopterus,princeps,"COLLETT, 1904",,
2183,Etmopterus,pseudosqualiolus,"LAST, BURGESS & SÉRET, 2002",,
2184,Etmopterus,pusillus,"(LOWE, 1839)",,
2186,Etmopterus,pycnolepis,"KOTLYAR, 1990",,
2187,Etmopterus,robinsi,"SCHOFIELD & BURGESS, 1997",,
9676,Etmopterus,schmidti,"DOLGANOV, 1986",,
2188,Etmopterus,schultzi,"BIGELOW, SCHROEDER & SPRINGER, 1953",,
11312,Etmopterus,sculptus,"EBERT, COMPAGNO & DE VRIES, 2011",,
2189,Etmopterus,sentosus,"BASS, D'AUBREY & KISTNASAMY, 1976",,
13821,Etmopterus,sheikoi,"(DOLGANOV, 1986)",,
2191,Etmopterus,spinax,"(LINNAEUS, 1758)",,
2192,Etmopterus,splendidus,"YANO, 1988",,
2193,Etmopterus,tasmaniensis,"MYAGKOV & PAVLOV, 1986",,
2194,Etmopterus,unicolor,"(ENGELHARDT, 1912)",,
11209,Etmopterus,viator,"STRAUBE, 2011",,
2195,Etmopterus,villosus,"GILBERT, 1905",,
2196,Etmopterus,virens,"BIGELOW, SCHROEDER & SPRINGER, 1953",,
2198,Eucrossorhinus,dasypogon,"(BLEEKER, 1867)",,
2251,Euprotomicroides,zantedeschia,"HULLEY & PENRITH, 1966",,
2252,Euprotomicrus,bispinatus,"(QUOY & GAIMARD, 1824)",,
2258,Eusphyra,blochii,"(CUVIER, 1816)",,
7988,Fenestraja,atripinna,"(BIGELOW & SCHROEDER, 1950)",,
7989,Fenestraja,cubensis,"(BIGELOW & SCHROEDER, 1950)",,
9677,Fenestraja,ishiyamai,"(BIGELOW & SCHROEDER, 1962)",,
9678,Fenestraja,maceachrani,"(SÉRET, 1989)",,
7990,Fenestraja,mamillidens,"(ALCOCK, 1889)",,
9679,Fenestraja,plutonia,"(GARMAN, 1881)",,
9680,Fenestraja,sibogae,"(WEBER, 1913)",,
9681,Fenestraja,sinusmexicanus,"(BIGELOW & SCHROEDER, 1950)",,
2267,Figaro,boardmani,"(WHITLEY, 1928)",,
2270,Figaro,striatus,"GLEDHILL, LAST & WHITE, 2008",,
2281,Furgaleus,macki,"(WHITLEY, 1943)",,
2307,Galeocerdo,cuvier,"(PÉRON & LESUEUR, 1822)",,
2374,Galeorhinus,galeus,"(LINNAEUS, 1758)",,
2412,Galeus,antillensis,"SPRINGER, 1979",,
2413,Galeus,arae,"(NICHOLS, 1927)",,
2416,Galeus,atlanticus,"(VAILLANT, 1888)",,
2419,Galeus,cadenati,"SPRINGER, 1966",,
2427,Galeus,eastmani,"(JORDAN & SNYDER, 1904)",,
2430,Galeus,gracilis,"COMPAGNO & STEVENS, 1993",,
2436,Galeus,longirostris,"TACHIKAWA & TANIUCHI, 1987",,
2439,Galeus,melastomus,"RAFINESQUE, 1810",,
2441,Galeus,mincaronei,"SOTO, 2001",,
2443,Galeus,murinus,"(COLLETT, 1904)",,
2445,Galeus,nipponensis,"NAKAYA, 1975",,
2446,Galeus,piperatus,"SPRINGER & WAGNER, 1966",,
2447,Galeus,polli,"CADENAT, 1959",,
2448,Galeus,priapus,"SÉRET & LAST, 2008",,
2450,Galeus,sauteri,"(JORDAN & RICHARDSON, 1909)",,
2451,Galeus,schultzi,"SPRINGER, 1979",,
2453,Galeus,springeri,"KONSTANTINOU & COZZI, 1998",,
2481,Ginglymostoma,cirratum,"(BONNATERRE, 1788)",,
14328,Ginglymostoma,unami,"DEL MORAL-FLORES, RAMÍREZ-ANTONIO, ANGULO & PÉREZ-PONCE DE LEÓN, 2015",,
10670,Glaucostegus,granulatus,"(CUVIER, 1829)",,
10722,Glaucostegus,halavi,"(FORSSKÅL, 1775)",,
13824,Glaucostegus,microphthalmus,"(TENG, 1959)",,
2515,Glaucostegus,typus,"(BENNETT, 1830)",,
2533,Glyphis,gangeticus,"(MÜLLER & HENLE, 1839)",,
2534,Glyphis,garricki,"COMPAGNO, WHITE & LAST, 2008",,
2536,Glyphis,glyphis,"(MÜLLER & HENLE, 1839)",,
2544,Gogolia,filewoodi,"COMPAGNO, 1973",,
2546,Gollum,attenuatus,"(GARRICK, 1954)",,
11140,Gollum,suluensis,"LAST & GAUDIANO, 2011",,
2554,Gurgesiella,atlantica,"(BIGELOW & SCHROEDER, 1962)",,
2555,Gurgesiella,dorsalifera,"McEACHRAN & COMPAGNO, 1980",,
2556,Gurgesiella,furvescens,"DE BUEN, 1959",,
2563,Gymnura,afuerae,"(HILDEBRAND, 1946)",,
2564,Gymnura,altavela,"(LINNAEUS, 1758)",,
2565,Gymnura,australis,"(RAMSAY & OGILBY, 1886)",,
2566,Gymnura,bimaculata,"(NORMAN, 1925)",,
2567,Gymnura,crebripunctata,"(PETERS, 1869)",,
2568,Gymnura,crooki,"FOWLER, 1934",,
2571,Gymnura,hirundo,"(LOWE, 1843)",,
2573,Gymnura,japonica,"(TEMMINCK & SCHLEGEL, 1850)",,
2576,Gymnura,marmorata,"(COOPER, 1864)",,
2577,Gymnura,micrura,"(BLOCH & SCHNEIDER, 1801)",,
2579,Gymnura,natalensis,"(GILCHRIST & THOMPSON, 1911)",,
2580,Gymnura,poecilura,"(SHAW, 1804)",,
2583,Gymnura,tentaculata,"(MÜLLER & HENLE, 1841)",,
2585,Gymnura,zonura,"(BLEEKER, 1852)",,
2598,Halaelurus,boesemani,"SPRINGER & D'AUBREY, 1972",,
2599,Halaelurus,buergeri,"(MÜLLER & HENLE, 1838)",,
2611,Halaelurus,lineatus,"BASS, D'AUBREY & KISTNASAMY, 1975",,
2613,Halaelurus,maculosus,"WHITE, LAST & STEVENS, 2007",,
2614,Halaelurus,natalensis,"(REGAN, 1904)",,
2616,Halaelurus,quagga,"(ALCOCK, 1899)",,
2618,Halaelurus,sellus,"WHITE, LAST & STEVENS, 2007",,
2634,Haploblepharus,edwardsii,"(SCHINZ, 1822)",,
2635,Haploblepharus,fuscus,"SMITH, 1950",,
2636,Haploblepharus,kistnasamyi,"HUMAN & COMPAGNO, 2006",,
2637,Haploblepharus,pictus,"(MÜLLER & HENLE, 1838)",,
10832,Heliotrygon,gomesi,"CARVALHO & LOVEJOY, 2011",,
10833,Heliotrygon,rosai,"CARVALHO & LOVEJOY, 2011",,
2649,Hemigaleus,australiensis,"WHITE, LAST & COMPAGNO, 2005",,
2653,Hemigaleus,microstoma,"BLEEKER, 1852",,
2664,Hemipristis,elongata,"(KLUNZINGER, 1871)",,
2696,Hemiscyllium,freycineti,"(QUOY & GAIMARD, 1824)",,
2697,Hemiscyllium,galei,"ALLEN & ERDMANN, 2008",,
2701,Hemiscyllium,hallstromi,"WHITLEY, 1967",,
13524,Hemiscyllium,halmahera,"ALLEN, ERDMANN & DUDGEON, 2013",,
2702,Hemiscyllium,henryi,"ALLEN & ERDMANN, 2008",,
10581,Hemiscyllium,michaeli,"ALLEN & DUDGEON, 2010",,
2704,Hemiscyllium,ocellatum,"(BONNATERRE, 1788)",,
2708,Hemiscyllium,strahani,"WHITLEY, 1967",,
2710,Hemiscyllium,trispeculare,"RICHARDSON, 1843",,
2713,Hemitriakis,abdita,"COMPAGNO & STEVENS, 1993",,
2714,Hemitriakis,complicofasciata,"TAKAHASHI & NAKAYA, 2004",,
2715,Hemitriakis,falcata,"COMPAGNO & STEVENS, 1993",,
2716,Hemitriakis,indroyonoi,"WHITE, COMPAGNO & DHARMADI, 2009",,
2717,Hemitriakis,japanica,"(MÜLLER & HENLE, 1839)",,
2719,Hemitriakis,leucoperiptera,"HERRE, 1923",,
2733,Heptranchias,perlo,"(BONNATERRE, 1788)",,
2769,Heterodontus,francisci,"(GIRARD, 1855)",,
2770,Heterodontus,galeatus,"(GÜNTHER, 1870)",,
2775,Heterodontus,japonicus,"MACLAY & MACLEAY, 1884",,
2783,Heterodontus,mexicanus,"TAYLOR & CASTRO-AGUIRRE, 1972",,
2786,Heterodontus,omanensis,"BALDWIN, 2005",,
2796,Heterodontus,portusjacksoni,"(MEYER, 1793)",,
2797,Heterodontus,quoyi,"(FRÉMINVILLE, 1840)",,
2798,Heterodontus,ramalheira,"(SMITH, 1949)",,
2816,Heterodontus,zebra,"(GRAY, 1831)",,
2822,Heteronarce,bentuviai,"(BARANES & RANDALL, 1989)",,
2823,Heteronarce,garmani,"REGAN, 1921",,
2824,Heteronarce,mollis,"(LLOYD, 1907)",,
2825,Heteronarce,prabhui,"TALWAR, 1981",,
2834,Heteroscymnoides,marleyi,"FOWLER, 1934",,
2855,Hexanchus,griseus,"(BONNATERRE, 1788)",,
2861,Hexanchus,nakamurai,"TENG, 1962",,
2875,Hexatrygon,bickelli,"HEEMSTRA & SMITH, 1980",,
2883,Himantura,alcockii,"(ANNANDALE, 1909)",,
2884,Himantura,astra,"LAST, MANJAJI-MATSUMOTO & POGONOSKI, 2008",,
2885,Himantura,bleekeri,"(BLYTH, 1860)",,
2890,Himantura,dalyensis,"LAST & MANJAJI-MATSUMOTO, 2008",,
2891,Himantura,draco,"COMPAGNO & HEEMSTRA, 1984",,
2892,Himantura,fai,"JORDAN & SEALE, 1906",,
2893,Himantura,fava,"(ANNANDALE, 1909)",,
2894,Himantura,fluviatilis,"(HAMILTON, 1822)",,
2895,Himantura,gerrardi,"(GRAY, 1851)",,
2897,Himantura,granulata,"(MACLEAY, 1883)",,
2899,Himantura,hortlei,"LAST, MANJAJI-MATSUMOTO & KAILOLA, 2006",,
2900,Himantura,imbricata,"(BLOCH & SCHNEIDER, 1801)",,
13785,Himantura,javaensis,"LAST & WHITE, 2013",,
2903,Himantura,jenkinsii,"(ANNANDALE, 1909)",,
2904,Himantura,kittipongi,"VIDTHAYANON & ROBERTS, 2005",,
2905,Himantura,krempfi,"(CHABANAUD, 1923)",,
2906,Himantura,leoparda,"MANJAJI-MATSUMOTO & LAST, 2008",,
2907,Himantura,lobistoma,"MANJAJI-MATSUMOTO & LAST, 2006",,
2908,Himantura,marginata,"(BLYTH, 1860)",,
2911,Himantura,microphthalma,"(CHEN, 1948)",,
2913,Himantura,oxyrhynchus,"(SAUVAGE, 1878)",,
2914,Himantura,pacifica,"(BEEBE & TEE-VAN, 1941)",,
2915,Himantura,pareh,"(BLEEKER, 1852)",,
2916,Himantura,pastinacoides,"(BLEEKER, 1852)",,
8256,Himantura,polylepis,"BLEEKER, 1852",,
12318,Himantura,randalli,"LAST, MANJAJI-MATSUMOTO & MOORE, 2012",,
2919,Himantura,schmardae,"(WERNER, 1904)",,
2921,Himantura,signifer,"COMPAGNO & ROBERTS, 1982",,
2923,Himantura,toshi,"WHITLEY, 1939",,
13462,Himantura,tutul,"BORSA, DURAND, SHEN, ARLYZA, SOLIHIN & BERREBI, 2013",,
2924,Himantura,uarnacoides,"(BLEEKER, 1852)",,
2925,Himantura,uarnak,"(FORSSKÅL, 1775)",,
2926,Himantura,undulata,"(BLEEKER, 1852)",,
2927,Himantura,walga,"(MÜLLER & HENLE, 1841)",,
2940,Holohalaelurus,favus,"HUMAN, 2006",,
2941,Holohalaelurus,grennian,"HUMAN, 2006",,
2942,Holohalaelurus,melanostigma,"(NORMAN, 1939)",,
2943,Holohalaelurus,punctatus,"(GILCHRIST, 1914)",,
2945,Holohalaelurus,regani,"(GILCHRIST, 1922)",,
3102,Hypnos,monopterygius,"(SHAW, 1795)",,
3105,Hypogaleus,hyugaensis,"(MIYOSI, 1939)",,
3151,Iago,garricki,"FOURMANOIR & RIVATON, 1979",,
3152,Iago,omanensis,"(NORMAN, 1939)",,
13977,Indobatis,ori,"(WALLACE, 1967)",,
10640,Insentiraja,laxipella,"(YEARSLEY & LAST, 1992)",,
10624,Insentiraja,subtilispinosa,"(STEHMANN, 1989)",,
3167,Irolita,waitii,"(MCCULLOCH, 1911)",,
3168,Irolita,westraliensis,"LAST & GLEDHILL, 2008",,
3200,Isistius,brasiliensis,"(QUOY & GAIMARD, 1824)",,
3205,Isistius,plutodus,"GARRICK & SPRINGER, 1964",,
3216,Isogomphodon,oxyrhynchus,"(MÜLLER & HENLE, 1839)",,
3294,Isurus,oxyrinchus,"RAFINESQUE, 1810",,
3295,Isurus,paucus,"GUITART MANDAY, 1966",,
3380,Lamiopsis,temminckii,"(MÜLLER & HENLE, 1839)",,
9008,Lamiopsis,tephrodes,"(FOWLER, 1905)",,
3415,Lamna,ditropis,"HUBBS & FOLLETT, 1947",,
3431,Lamna,nasus,"(BONNATERRE, 1788)",,
3478,Leptocharias,smithii,"(MÜLLER & HENLE, 1839)",,
3486,Leucoraja,caribbaea,"(McEACHRAN, 1977)",,
3487,Leucoraja,circularis,"(COUCH, 1838)",,
3488,Leucoraja,compagnoi,"(STEHMANN, 1995)",,
3489,Leucoraja,erinacea,"(MITCHILL, 1825)",,
3490,Leucoraja,fullonica,"(LINNAEUS, 1758)",,
3491,Leucoraja,garmani,"(WHITLEY, 1939)",,
3492,Leucoraja,lentiginosa,"(BIGELOW & SCHROEDER, 1951)",,
3493,Leucoraja,leucosticta,"(STEHMANN, 1971)",,
3494,Leucoraja,melitensis,"(CLARK, 1926)",,
3495,Leucoraja,naevus,"(MÜLLER & HENLE, 1841)",,
3496,Leucoraja,ocellata,"(MITCHILL, 1815)",,
3497,Leucoraja,pristispina,"LAST, STEHMANN & SÉRET, 2008",,
3498,Leucoraja,virginica,"(McEACHRAN, 1977)",,
3499,Leucoraja,wallacei,"(HULLEY, 1970)",,
3500,Leucoraja,yucatanensis,"(BIGELOW & SCHROEDER, 1950)",,
3566,Loxodon,macrorhinus,"MÜLLER & HENLE, 1839",,
3580,Malacoraja,kreffti,"(STEHMANN, 1977)",,
3582,Malacoraja,obscura,"DE CARVALHO, GOMES & GADIG, 2005",,
3583,Malacoraja,senta,"(GARMAN, 1885)",,
3584,Malacoraja,spinacidermis,"(BARNARD, 1923)",,
3590,Manta,alfredi,"(KREFFT, 1868)",,
3592,Manta,birostris,"(WALBAUM, 1792)",,
3605,Megachasma,pelagios,"TAYLOR, COMPAGNO & STRUHSAKER, 1983",,
3737,Mitsukurina,owstoni,"JORDAN, 1898",,
3744,Mobula,eregoodootenkee,"(BLEEKER, 1859)",,
3747,Mobula,hypostoma,"(BANCROFT, 1831)",,
3749,Mobula,japanica,"(MÜLLER & HENLE, 1841)",,
3751,Mobula,kuhlii,"(MÜLLER & HENLE, 1841)",,
3756,Mobula,mobular,"(BONNATERRE, 1788)",,
3757,Mobula,munkiana,"NOTARBARTOLO DI SCIARA, 1987",,
3762,Mobula,rochebrunei,"(VAILLANT, 1879)",,
3765,Mobula,tarapacana,"(PHILIPPI, 1892)",,
3767,Mobula,thurstoni,"(LLOYD, 1908)",,
3770,Mollisquama,parini,"DOLGANOV, 1984",,
3779,Mustelus,albipinnis,"CASTRO-AGUIRRE, ATUNA-MENDIOLA, GONZÁZ-ACOSTA & DE LA CRUZ-AGÜERO, 2005",,
3780,Mustelus,antarcticus,"GÜNTHER, 1870",,
3781,Mustelus,asterias,"CLOQUET, 1819",,
3783,Mustelus,californicus,"GILL, 1864",,
3784,Mustelus,canis,"(MITCHILL, 1815)",,
3789,Mustelus,dorsalis,"GILL, 1864",,
3792,Mustelus,fasciatus,"(GARMAN, 1913)",,
3794,Mustelus,griseus,"PIETSCHMANN, 1908",,
3796,Mustelus,henlei,"(GILL, 1863)",,
3797,Mustelus,higmani,"SPRINGER & LOWE, 1963",,
3801,Mustelus,lenticulatus,"PHILLIPPS, 1932",,
3802,Mustelus,lunulatus,"JORDAN & GILBERT, 1882",,
3804,Mustelus,manazo,"BLEEKER, 1854",,
11071,Mustelus,mangalorensis,"CUBELIO, REMYA & KURUP, 2011",,
3807,Mustelus,mento,"COPE, 1877",,
3808,Mustelus,minicanis,"HEEMSTRA, 1997",,
3810,Mustelus,mosis,"HEMPRICH & EHRENBERG, 1899",,
3811,Mustelus,mustelus,"(LINNAEUS, 1758)",,
3815,Mustelus,norrisi,"SPRINGER, 1939",,
3817,Mustelus,palumbes,"SMITH, 1957",,
3819,Mustelus,punctulatus,"RISSO, 1827",,
3820,Mustelus,ravidus,"WHITE & LAST, 2006",,
3821,Mustelus,schmitti,"SPRINGER, 1939",,
3822,Mustelus,sinusmexicanus,"HEEMSTRA, 1997",,
3825,Mustelus,stevensi,"WHITE & LAST, 2008",,
3828,Mustelus,walkeri,"WHITE & LAST, 2008",,
3830,Mustelus,whitneyi,"CHIRICHIGNO, 1973",,
3831,Mustelus,widodoi,"WHITE & LAST, 2006",,
3853,Myliobatis,aquila,"(LINNAEUS, 1758)",,
3870,Myliobatis,californica,"GILL, 1865",,
3878,Myliobatis,chilensis,"PHILIPPI, 1892",,
3905,Myliobatis,freminvillei,"LESUEUR, 1824",,
3913,Myliobatis,goodei,"GARMAN, 1885",,
3919,Myliobatis,hamlyni,"OGILBY, 1911",,
3937,Myliobatis,longirostris,"APPLEGATE & FITCH, 1964",,
3966,Myliobatis,peruvianus,"GARMAN, 1913",,
12640,Myliobatis,ridens,"RUOCCO, LUCIFORA, DE ASTARLOA, MABRAGAÑA & DELPIANI, 2012",,
3999,Myliobatis,tenuicaudatus,"HECTOR, 1877",,
4004,Myliobatis,tobijei,"BLEEKER, 1854",,
4022,Narcine,atzi,"CARVALHO & RANDALL, 2003",,
4024,Narcine,bancroftii,"(GRIFFITH & SMITH, 1834)",,
4027,Narcine,brasiliensis,"(OLFERS, 1831)",,
4030,Narcine,brevilabiata,"BESSEDNOV, 1966",,
4031,Narcine,brunnea,"ANNANDALE, 1909",,
4033,Narcine,entemedor,"JORDAN & STARKS, 1895",,
4036,Narcine,insolita,"CARVALHO, SÉRET & COMPAGNO, 2002",,
4037,Narcine,lasti,"CARVALHO & SÉRET, 2002",,
4038,Narcine,leoparda,"CARVALHO, 2001",,
4039,Narcine,lingula,"RICHARDSON, 1846",,
4041,Narcine,maculata,"(SHAW, 1804)",,
4047,Narcine,nelsoni,"CARVALHO, 2008",,
7994,Narcine,nigra,"DUMÉRIL, 1852",,
4048,Narcine,oculifera,"CARVALHO, COMPAGNO & MEE, 2002",,
4050,Narcine,ornata,"CARVALHO, 2008",,
4051,Narcine,prodorsalis,"BESSEDNOV, 1966",,
4052,Narcine,rierai,"(LLORIS & RUCABADO, 1991)",,
4055,Narcine,tasmaniensis,"RICHARDSON, 1841",,
4056,Narcine,timlei,"(BLOCH & SCHNEIDER, 1801)",,
4058,Narcine,vermiculatus,"BREDER, 1928",,
4060,Narcine,westraliensis,"MCKAY, 1966",,
4061,Narke,capensis,"(GMELIN, 1789)",,
4062,Narke,dipterygia,"(BLOCH & SCHNEIDER, 1801)",,
4064,Narke,japonica,"(TEMMINCK & SCHLEGEL, 1850)",,
4066,Nasolamia,velox,"(GILBERT, 1898)",,
4075,Nebrius,ferrugineus,"(LESSON, 1831)",,
4086,Negaprion,acutidens,"(RÜPPELL, 1837)",,
4087,Negaprion,brevirostris,"(POEY, 1868)",,
4104,Neoraja,africana,"(STEHMANN & SÉRET, 1983)",,
4105,Neoraja,caerulea,"(STEHMANN, 1976)",,
4106,Neoraja,carolinensis,"McEACHRAN & STEHMANN, 1984",,
4107,Neoraja,iberica,"STEHMANN, SÉRET, COSTA & BARO, 2008",,
4110,Neoraja,stehmanni,"(HULLEY, 1972)",,
4116,Neotrygon,annotata,"(LAST, 1987)",,
4117,Neotrygon,kuhlii,"(MÜLLER & HENLE, 1841)",,
4118,Neotrygon,leylandi,"(LAST, 1987)",,
11141,Neotrygon,ningalooensis,"LAST, WHITE, & PUCKRIDGE, 2010",,
4119,Neotrygon,picta,"LAST & WHITE, 2008",,
13642,Neotrygon,trigonoides,"(CASTELNAU, 1873)",,
12401,Notoraja,alisae,"SÉRET & LAST, 2012",,
4175,Notoraja,azurea,"McEACHRAN & LAST, 2008",,
12403,Notoraja,fijiensis,"SÉRET & LAST, 2012",,
4176,Notoraja,hirticauda,"LAST & McEACHRAN, 2006",,
12402,Notoraja,inusitata,"SÉRET & LAST, 2012",,
4178,Notoraja,lira,"McEACHRAN & LAST, 2008",,
12404,Notoraja,longiventralis,"SÉRET & LAST, 2012",,
4179,Notoraja,ochroderma,"McEACHRAN & LAST, 1994",,
8389,Notoraja,sapphira,"SÉRET & LAST, 2009",,
4181,Notoraja,sticta,"McEACHRAN & LAST, 2008",,
4183,Notoraja,tobitukai,"(HIYAMA, 1940)",,
4197,Notorynchus,cepedianus,"(PÉRON, 1807)",,
4240,Odontaspis,ferox,"(RISSO, 1810)",,
4255,Odontaspis,noronhai,"(MAUL, 1955)",,
4303,Okamejei,acutispina,"(ISHIYAMA, 1958)",,
4304,Okamejei,arafurensis,"LAST & GLEDHILL, 2008",,
4306,Okamejei,boesemani,"(ISHIHARA, 1987)",,
9011,Okamejei,cairae,"LAST, FAHMI & ISHIHARA, 2010",,
4308,Okamejei,heemstrai,"(McEACHRAN & FECHHELM, 1982)",,
4309,Okamejei,hollandi,"(JORDAN & RICHARDSON, 1909)",,
9012,Okamejei,jensenae,"LAST & LIM, 2010",,
4310,Okamejei,kenojei,"(MÜLLER & HENLE, 1841)",,
13989,Okamejei,koreana,"(JEONG & NAKABO, 1997)",,
4312,Okamejei,leptoura,"LAST & GLEDHILL, 2008",,
4314,Okamejei,meerdervoortii,"(BLEEKER, 1860)",,
4315,Okamejei,mengae,"JEONG, NAKABO & WU, 2007",,
14378,Okamejei,ornata,"WEIGMANN, STEHMANN & THIEL, 2015",,
10022,Okamejei,philipi,"(LLOYD, 1906)",,
4316,Okamejei,pita,"(FRICKE & AL-HASSAN, 1995)",,
4317,Okamejei,powelli,"(ALCOCK, 1898)",,
4318,Okamejei,schmidti,"(ISHIYAMA, 1958)",,
4349,Orectolobus,floridus,"LAST & CHIDLOW, 2008",,
4351,Orectolobus,halei,"WHITLEY, 1940",,
4352,Orectolobus,hutchinsi,"LAST, CHIDLOW & COMPAGNO, 2006",,
4353,Orectolobus,japonicus,"REGAN, 1906",,
9006,Orectolobus,leptolineatus,"LAST, WHITE & POGONOSKI, 2010",,
4354,Orectolobus,maculatus,"(BONNATERRE, 1788)",,
4356,Orectolobus,ornatus,"(DE VIS, 1883)",,
4358,Orectolobus,parvimaculatus,"LAST & CHIDLOW, 2008",,
4359,Orectolobus,reticulatus,"LAST, POGONOSKI & WHITE, 2008",,
4363,Orectolobus,wardi,"WHITLEY, 1939",,
4476,Oxynotus,bruniensis,"(OGILBY, 1893)",,
4477,Oxynotus,caribbaeus,"CERVIGÓN, 1961",,
4478,Oxynotus,centrina,"(LINNAEUS, 1758)",,
4480,Oxynotus,japonicus,"YANO & MUROFUSHI, 1985",,
4481,Oxynotus,paradoxus,"FRADE, 1929",,
4629,Paragaleus,leucolomatus,"COMPAGNO & SMALE, 1985",,
4630,Paragaleus,pectoralis,"(GARMAN, 1906)",,
4632,Paragaleus,randalli,"COMPAGNO, KRUPP & CARPENTER, 1996",,
4634,Paragaleus,tengi,"(CHEN, 1963)",,
4703,Parascyllium,collare,"RAMSAY & OGILBY, 1888",,
4704,Parascyllium,elongatum,"LAST & STEVENS, 2008",,
4705,Parascyllium,ferrugineum,"MCCULLOCH, 1911",,
4709,Parascyllium,sparsimaculatum,"GOTO & LAST, 2002",,
4710,Parascyllium,variolatum,"(DUMÉRIL, 1853)",,
4728,Paratrygon,aiereba,"(MÜLLER & HENLE, 1841)",,
4733,Parmaturus,albimarginatus,"SÉRET & LAST, 2007",,
4734,Parmaturus,albipenis,"SÉRET & LAST, 2007",,
4735,Parmaturus,bigus,"SÉRET & LAST, 2007",,
4736,Parmaturus,campechiensis,"SPRINGER, 1979",,
4737,Parmaturus,lanatus,"SÉRET & LAST, 2007",,
4738,Parmaturus,macmillani,"HARDY, 1985",,
4741,Parmaturus,melanobranchus,"(CHAN, 1966)",,
4742,Parmaturus,pilosus,"GARMAN, 1906",,
4744,Parmaturus,xaniurus,"(GILBERT, 1892)",,
14091,Pastinachus,ater,"(MACLEAY, 1883)",,
14090,Pastinachus,chindwinensis,"(ROBERTS, 2007)",,
9013,Pastinachus,gracilicaudus,"LAST & MANJAJI-MATSUMOTO, 2010",,
4763,Pastinachus,sephen,"(FORSSKÅL, 1775)",,
4765,Pastinachus,solocirostris,"LAST, MANJAJI & YEARSLEY, 2005",,
9014,Pastinachus,stellurostris,"LAST, FAHMI & NAYLOR, 2010",,
4767,Pavoraja,alleni,"McEACHRAN & FECHHELM, 1982",,
4768,Pavoraja,arenaria,"LAST, MALLICK & YEARSLEY, 2008",,
4771,Pavoraja,mosaica,"LAST, MALLICK & YEARSLEY, 2008",,
4772,Pavoraja,nitida,"(GÜNTHER, 1880)",,
4774,Pavoraja,pseudonitida,"LAST, MALLICK & YEARSLEY, 2008",,
4776,Pavoraja,umbrosa,"LAST, MALLICK & YEARSLEY, 2008",,
4785,Pentanchus,profundicolus,"SMITH & RADCLIFFE, 1912",,
13119,Planonasus,parini,"WEIGMANN, STEHMANN & THIEL, 2013",,
11162,Platyrhina,hyugaensis,"IWATSUKI, MIYAMOTO & NAKAYA, 2011",,
4858,Platyrhina,sinensis,"(BLOCH & SCHNEIDER, 1801)",,
11161,Platyrhina,tangi,"IWATSUKI, ZHANG & NAKAYA, 2011",,
7986,Platyrhinoidis,triseriata,"(JORDAN & GILBERT, 1880)",,
10671,Plesiobatis,daviesi,"(WALLACE, 1967)",,
7855,Plesiotrygon,iwamae,"ROSA, CASTELLO & THORSON, 1987",,
11149,Plesiotrygon,nana,"CARVALHO & RAGNO, 2011",,
4894,Pliotrema,warreni,"REGAN, 1906",,
4923,Poroderma,africanum,"(GMELIN, 1789)",,
4925,Poroderma,pantherinum,"(MÜLLER & HENLE, 1838)",,
13969,Potamotrygon,amandae,"LOBODA & DE CARVALHO, 2013",,
4938,Potamotrygon,boesemani,"ROSA, DE CARVALHO & DE ALMEIDA WANDERLEY, 2008",,
4939,Potamotrygon,brachyura,"(GÜNTHER, 1880)",,
4943,Potamotrygon,constellata,"(VAILLANT, 1880)",,
4945,Potamotrygon,falkneri,"CASTEX & MACIEL, 1963",,
4948,Potamotrygon,henlei,"(CASTELNAU, 1855)",,
7967,Potamotrygon,humerosa,"GARMAN, 1913",,
4951,Potamotrygon,hystrix,"(MÜLLER & HENLE, 1841)",,
4954,Potamotrygon,leopoldi,"CASTEX & CASTELLO, 1970",,
13963,Potamotrygon,limai,"FONTENELLE, DA SILVA & DE CARVALHO, 2014",,
4955,Potamotrygon,magdalenae,"(DUMÉRIL, 1865)",,
4956,Potamotrygon,marinae,"DEYNAT, 2006",,
4958,Potamotrygon,motoro,"(MÜLLER & HENLE, 1841)",,
4959,Potamotrygon,ocellata,"(ENGELHARDT, 1912)",,
4960,Potamotrygon,orbignyi,"(CASTELNAU, 1855)",,
13968,Potamotrygon,pantanensis,"LOBODA & DE CARVALHO, 2013",,
4965,Potamotrygon,schroederi,"FERNÁNDEZ-YÉPEZ, 1958",,
4968,Potamotrygon,schuhmacheri,"CASTEX, 1964",,
4969,Potamotrygon,scobina,"GARMAN, 1913",,
4970,Potamotrygon,signata,"GARMAN, 1913",,
11027,Potamotrygon,tatianae,"SILVA & CARVALHO, 2011",,
11013,Potamotrygon,tigrina,"CARVALHO, SABAJ PEREZ & LOVEJOY, 2011",,
4973,Potamotrygon,yepezi,"CASTEX & CASTELLO, 1970",,
5004,Prionace,glauca,"(LINNAEUS, 1758)",,
5014,Pristiophorus,cirratus,"(LATHAM, 1794)",,
5015,Pristiophorus,delicatus,"YEARSLEY, LAST & WHITE, 2008",,
5016,Pristiophorus,japonicus,"GÜNTHER, 1870",,
13808,Pristiophorus,lanae,"EBERT & WILMS, 2013",,
11086,Pristiophorus,nancyae,"EBERT & CAILLIET, 2011",,
5021,Pristiophorus,nudipinnis,"GÜNTHER, 1870",,
5025,Pristiophorus,schroederi,"SPRINGER & BULLIS, 1960",,
5052,Pristis,clavata,"GARMAN, 1906",,
5076,Pristis,pectinata,"LATHAM, 1794",,
5083,Pristis,pristis,"(LINNAEUS, 1758)",,
5088,Pristis,zijsron,"BLEEKER, 1851",,
5133,Proscyllium,habereri,"HILGENDORF, 1904",,
5134,Proscyllium,magnificum,"LAST & VONGPANICH, 2004",,
5198,Psammobatis,bergi,"MARINI, 1932",,
5202,Psammobatis,extenta,"(GARMAN, 1913)",,
5205,Psammobatis,lentiginosa,"McEACHRAN, 1983",,
5208,Psammobatis,normani,"McEACHRAN, 1983",,
5209,Psammobatis,parvacauda,"McEACHRAN, 1983",,
5210,Psammobatis,rudis,"GÜNTHER, 1870",,
5211,Psammobatis,rutrum,"JORDAN, 1891",,
5212,Psammobatis,scobina,"(PHILIPPI, 1857)",,
5221,Pseudocarcharias,kamoharai,"(MATSUBARA, 1936)",,
5244,Pseudoginglymostoma,brevicaudatum,"(GÜNTHER, 1867)",,
5265,Pseudoraja,fischeri,"BIGELOW & SCHROEDER, 1954",,
5282,Pseudotriakis,microdon,"DE BRITO CAPELLO, 1868",,
5319,Pteroplatytrygon,violacea,"(BONAPARTE, 1832)",,
5502,Raja,ackleyi,"GARMAN, 1881",,
5509,Raja,africana,"CAPAPÉ, 1977",,
5522,Raja,asterias,"DELAROCHE, 1809",,
5527,Raja,bahamensis,"BIGELOW & SCHROEDER, 1965",,
5548,Raja,brachyura,"LAFONT, 1873",,
5565,Raja,cervigoni,"BIGELOW & SCHROEDER, 1964",,
5573,Raja,chinensis,"BASILEWSKY, 1855",,
5577,Raja,clavata,"LINNAEUS, 1758",,
5581,Raja,cortezensis,"McEACHRAN & MIYAKE, 1988",,
5600,Raja,eglanteria,"LACEPÈDE (ex BOSC), 1800",,
5601,Raja,equatorialis,"JORDAN & BOLLMAN, 1890",,
5640,Raja,herwigi,"KREFFT, 1965",,
5646,Raja,inornata,"JORDAN & GILBERT, 1881",,
5688,Raja,maderensis,"LOWE, 1838",,
5701,Raja,microocellata,"MONTAGU, 1818",,
5707,Raja,miraletus,"LINNAEUS, 1758",,
5709,Raja,montagui,"FOWLER, 1910",,
5745,Raja,polystigma,"REGAN, 1923",,
5749,Raja,pulchra,"LIU, 1932",,
5756,Raja,radula,"DELAROCHE, 1809",,
5760,Raja,rhina,"JORDAN & GILBERT, 1880",,
5765,Raja,rondeleti,"BOUGIS, 1959",,
5769,Raja,rouxi,"CAPAPÉ, 1977",,
5797,Raja,stellulata,"JORDAN & GILBERT, 1880",,
5800,Raja,straeleni,"POLL, 1951",,
5808,Raja,texana,"CHANDLER, 1921",,
5819,Raja,undulata,"LACEPÈDE, 1802",,
5820,Raja,velezi,"CHIRICHIGNO, 1973",,
5854,Rajella,annandalei,"(WEBER, 1913)",,
5855,Rajella,barnardi,"(NORMAN, 1935)",,
5856,Rajella,bathyphila,"(HOLT & BYRNE, 1908)",,
5857,Rajella,bigelowi,"(STEHMANN, 1978)",,
5858,Rajella,caudaspinosa,"(VON BONDE & SWART, 1923)",,
5859,Rajella,challengeri,"LAST & STEHMANN, 2008",,
5860,Rajella,dissimilis,"(HULLEY, 1970)",,
5861,Rajella,eisenhardti,"LONG & McCOSKER, 1999",,
5862,Rajella,fuliginea,"(BIGELOW & SCHROEDER, 1954)",,
5863,Rajella,fyllae,"(LÜTKEN, 1887)",,
5864,Rajella,kukujevi,"(DOLGANOV, 1985)",,
5865,Rajella,leopardus,"(VON BONDE & SWART, 1923)",,
12317,Rajella,lintea,"(FRIES, 1838)",,
5866,Rajella,nigerrima,"(DE BUEN, 1960)",,
14088,Rajella,paucispinosa,"WEIGMANN, STEHMANN & THIEL, 2014",,
5867,Rajella,purpuriventralis,"(BIGELOW & SCHROEDER, 1962)",,
5868,Rajella,ravidula,"(HULLEY, 1970)",,
5869,Rajella,sadowskii,"(KREFFT & STEHMANN, 1974)",,
5887,Rhina,ancylostoma,"BLOCH & SCHNEIDER, 1801",,
5896,Rhincodon,typus,"SMITH, 1828",,
5903,Rhinobatos,albomaculatus,"NORMAN, 1930",,
5904,Rhinobatos,annandalei,"NORMAN, 1926",,
5905,Rhinobatos,annulatus,"MÜLLER & HENLE, 1841",,
5914,Rhinobatos,blochii,"(MÜLLER & HENLE, 1841)",,
5918,Rhinobatos,cemiculus,"GEOFFROY SAINT-HILAIRE, 1817",,
5926,Rhinobatos,formosensis,"NORMAN, 1926",,
5927,Rhinobatos,glaucostigma,"JORDAN & GILBERT, 1883",,
5934,Rhinobatos,holcorhynchus,"NORMAN, 1922",,
5936,Rhinobatos,horkelii,"(MÜLLER & HENLE, 1841)",,
5937,Rhinobatos,hynnicephalus,"RICHARDSON, 1846",,
5942,Rhinobatos,irvinei,"NORMAN, 1931",,
5943,Rhinobatos,jimbaranensis,"LAST, WHITE & FAHMI, 2006",,
5947,Rhinobatos,lentiginosus,"(GARMAN, 1880)",,
5948,Rhinobatos,leucorhynchus,"GÜNTHER, 1866",,
5949,Rhinobatos,leucospilus,"NORMAN, 1926",,
5950,Rhinobatos,lionotus,"NORMAN, 1926",,
5957,Rhinobatos,nudidorsalis,"LAST, COMPAGNO & NAKAYA, 2004",,
5959,Rhinobatos,obtusus,"(MÜLLER & HENLE, 1841)",,
5960,Rhinobatos,ocellatus,"NORMAN, 1926",,
5961,Rhinobatos,penggali,"LAST, WHITE & FAHMI, 2006",,
5962,Rhinobatos,percellens,"(WALBAUM, 1792)",,
5963,Rhinobatos,petiti,"CHABANAUD, 1929",,
5965,Rhinobatos,planiceps,"(GARMAN, 1880)",,
5966,Rhinobatos,prahli,"ACERO & FRANKE, 1995",,
5969,Rhinobatos,productus,"AYRES, 1854",,
5970,Rhinobatos,punctifer,"COMPAGNO & RANDALL, 1987",,
5972,Rhinobatos,rhinobatos,"(LINNAEUS, 1758)",,
5974,Rhinobatos,sainsburyi,"LAST, 2004",,
5975,Rhinobatos,salalah,"RANDALL & COMPAGNO, 1995",,
5977,Rhinobatos,schlegelii,"(MÜLLER & HENLE, 1841)",,
5981,Rhinobatos,spinosus,"GÜNTHER, 1870",,
5985,Rhinobatos,thouin,"(ANONYMOUS, 1798)",,
5987,Rhinobatos,thouiniana,"(SHAW, 1804)",,
5990,Rhinobatos,variegatus,"NAIR & LAL MOHAN, 1973",,
14119,Rhinobatos,whitei,"LAST, CORRIGAN & NAYLOR, 2014",,
5992,Rhinobatos,zanzibarensis,"NORMAN, 1926",,
6056,Rhinoptera,adspersa,"MÜLLER & HENLE, 1841",,
6059,Rhinoptera,bonasus,"(MITCHILL, 1815)",,
6060,Rhinoptera,brasiliensis,"MÜLLER, 1836",,
6065,Rhinoptera,javanica,"MÜLLER & HENLE, 1841",,
6066,Rhinoptera,jayakari,"BOULENGER, 1895",,
6068,Rhinoptera,marginata,"(GEOFFROY SAINT-HILAIRE, 1817)",,
6070,Rhinoptera,neglecta,"OGILBY, 1912",,
8000,Rhinoptera,sewelli,"MISRA, 1947",,
6079,Rhinoptera,steindachneri,"EVERMANN & JENKINS, 1891",,
6085,Rhinoraja,kujiensis,"(TANAKA, 1916)",,
6087,Rhinoraja,longicauda,"ISHIYAMA, 1952",,
6092,Rhinoraja,obtusa,"(GILL & TOWNSEND, 1897)",,
6093,Rhinoraja,odai,"ISHIYAMA, 1958",,
6097,Rhizoprionodon,acutus,"(RÜPPELL, 1837)",,
6112,Rhizoprionodon,lalandii,"(MÜLLER & HENLE, 1839)",,
6113,Rhizoprionodon,longurio,"(JORDAN & GILBERT, 1882)",,
6115,Rhizoprionodon,oligolinx,"SPRINGER, 1964",,
6116,Rhizoprionodon,porosus,"(POEY, 1861)",,
6122,Rhizoprionodon,taylori,"(OGILBY, 1915)",,
6124,Rhizoprionodon,terraenovae,"(RICHARDSON, 1836)",,
6155,Rhynchobatus,australiae,"WHITLEY, 1939",,
6159,Rhynchobatus,djiddensis,"(FORSSKÅL, 1775)",,
13815,Rhynchobatus,immaculatus,"LAST, HO & CHEN, 2013",,
6162,Rhynchobatus,laevis,"(BLOCH & SCHNEIDER, 1801)",,
6165,Rhynchobatus,luebberti,"EHRENBAUM, 1915",,
6167,Rhynchobatus,palpebratus,"COMPAGNO & LAST, 2008",,
9010,Rhynchobatus,springeri,"COMPAGNO & LAST, 2010",,
7852,Rioraja,agassizii,"(MÜLLER & HENLE, 1841)",,
6173,Rostroraja,alba,"(LACÉPÈDE, 1803)",,
6227,Schroederichthys,bivius,"(MÜLLER & HENLE, 1838)",,
6228,Schroederichthys,chilensis,"(GUICHENOT, 1848)",,
6229,Schroederichthys,maculatus,"SPRINGER, 1966",,
6230,Schroederichthys,saurisqualus,"SOTO, 2001",,
6231,Schroederichthys,tenuis,"SPRINGER, 1966",,
6258,Scoliodon,laticaudus,"MÜLLER & HENLE, 1838",,
9009,Scoliodon,macrorhynchos,"(BLEEKER, 1852)",,
6293,Scyliorhinus,boa,"GOODE & BEAN, 1896",,
14543,Scyliorhinus,cabofriensis,"SOARES, GOMES & DE CARVALHO, 2016",,
6297,Scyliorhinus,canicula,"(LINNAEUS, 1758)",,
6300,Scyliorhinus,capensis,"(MÜLLER & HENLE, 1838)",,
6303,Scyliorhinus,cervigoni,"MAURIN & BONNET, 1970",,
6306,Scyliorhinus,comoroensis,"COMPAGNO, 1988",,
6319,Scyliorhinus,garmani,"(FOWLER, 1934)",,
6323,Scyliorhinus,haeckelii,"(MIRANDA RIBEIRO, 1907)",,
6324,Scyliorhinus,hesperius,"SPRINGER, 1966",,
6332,Scyliorhinus,meadi,"SPRINGER, 1966",,
6345,Scyliorhinus,retifer,"(GARMAN, 1881)",,
6363,Scyliorhinus,stellaris,"(LINNAEUS, 1758)",,
6368,Scyliorhinus,tokubee,"SHIRAI, HAGIWARA & NAKAYA, 1992",,
6369,Scyliorhinus,torazame,"(TANAKA, 1908)",,
6370,Scyliorhinus,torrei,"HOWELL RIVERO, 1936",,
14314,Scyliorhinus,ugoi,"SOARES, GADIG & GOMES, 2015",,
6380,Scylliogaleus,quecketti,"BOULENGER, 1902",,
6429,Scymnodalatias,albicauda,"TANIUCHI & GARRICK, 1986",,
6431,Scymnodalatias,garricki,"KUKUEV & KONOVALENKO, 1988",,
6432,Scymnodalatias,oligodon,"KUKUEV & KONOVALENKO, 1988",,
6433,Scymnodalatias,sherwoodi,"(ARCHEY, 1921)",,
6437,Scymnodon,ichiharai,"YANO & TANAKA, 1984",,
6438,Scymnodon,macracanthus,"(REGAN, 1906)",,
6442,Scymnodon,plunketi,"(WAITE, 1910)",,
6443,Scymnodon,ringens,"BARBOSA DU BOCAGE & DE BRITO CAPELLO, 1864",,
7602,Sinobatis,borneensis,"(CHAN, 1965)",,
8537,Sinobatis,bulbicauda,"LAST & SÉRET, 2008",,
8538,Sinobatis,caerulea,"LAST & SÉRET, 2008",,
8539,Sinobatis,filicauda,"LAST & SÉRET, 2008",,
7600,Sinobatis,melanosoma,"(CHAN, 1965)",,
13817,Sinobatis,stenosoma,"(LI & HU, 1982)",,
6492,Somniosus,antarcticus,"WHITLEY, 1939",,
6496,Somniosus,longus,"(TANAKA, 1912)",,
6497,Somniosus,microcephalus,"(BLOCH & SCHNEIDER, 1801)",,
6498,Somniosus,pacificus,"BIGELOW & SCHROEDER, 1944",,
6499,Somniosus,rostratus,"(RISSO, 1827)",,
6567,Sphyrna,corona,"SPRINGER, 1940",,
6568,Sphyrna,couardi,"CADENAT, 1951",,
13632,Sphyrna,gilberti,"QUATTRO, DRIGGERS, GRADY, ULRICH & ROBERTS, 2013",,
6577,Sphyrna,lewini,"(GRIFFITH & SMITH, 1834)",,
6580,Sphyrna,media,"SPRINGER, 1940",,
6581,Sphyrna,mokarran,"(RÜPPELL, 1837)",,
6589,Sphyrna,tiburo,"(LINNAEUS, 1758)",,
6591,Sphyrna,tudes,"(VALENCIENNES, 1822)",,
6595,Sphyrna,zygaena,"(LINNAEUS, 1758)",,
6674,Squaliolus,aliae,"TENG, 1959",,
6677,Squaliolus,laticaudus,"SMITH & RADCLIFFE, 1912",,
6684,Squalus,acanthias,"LINNAEUS, 1758",,
6694,Squalus,albifrons,"LAST, WHITE & STEVENS, 2007",,
6699,Squalus,altipinnis,"LAST, WHITE & STEVENS, 2007",,
6715,Squalus,blainville,"(RISSO, 1827)",,
6720,Squalus,brevirostris,"TANAKA, 1917",,
6722,Squalus,bucephalus,"LAST, SÉRET & POGONOSKI, 2007",,
6737,Squalus,chloroculus,"LAST, WHITE & MOTOMURA, 2007",,
6744,Squalus,crassispinus,"LAST, EDMUNDS & YEARSLEY, 2007",,
6746,Squalus,cubensis,"HOWELL RIVERO, 1936",,
6749,Squalus,edmundsi,"WHITE, LAST & STEVENS, 2007",,
11148,Squalus,formosus,"WHITE & IGLÉSIAS, 2011",,
6760,Squalus,grahami,"WHITE, LAST & STEVENS, 2007",,
6762,Squalus,griffini,"PHILLIPPS, 1931",,
6766,Squalus,hemipinnis,"WHITE, LAST & YEARSLEY, 2007",,
6778,Squalus,japonicus,"ISHIKAWA, 1908",,
6780,Squalus,lalannei,"BARANES, 2003",,
6791,Squalus,megalops,"(MACLEAY, 1881)",,
6792,Squalus,melanurus,"FOURMANOIR & RIVATON, 1979",,
6796,Squalus,mitsukurii,"JORDAN & SNYDER, 1903",,
6798,Squalus,montalbani,"WHITLEY, 1931",,
6802,Squalus,nasutus,"LAST, MARSHALL & WHITE, 2007",,
6806,Squalus,notocaudatus,"LAST, WHITE & STEVENS, 2007",,
6830,Squalus,rancureli,"FOURMANOIR & RIVATON, 1979",,
6831,Squalus,raoulensis,"DUFFY & LAST, 2007",,
6848,Squalus,suckleyi,"(GIRARD, 1855)",,
6885,Squatina,aculeata,"CUVIER, 1829",,
6888,Squatina,africana,"REGAN, 1908",,
6890,Squatina,albipunctata,"LAST & WHITE, 2008",,
6896,Squatina,argentina,"(MARINI, 1930)",,
6897,Squatina,armata,"(PHILIPPI, 1887)",,
6898,Squatina,australis,"REGAN, 1906",,
10813,Squatina,caillieti,"WALSH, EBERT & COMPAGNO, 2011",,
6902,Squatina,californica,"AYRES, 1859",,
6913,Squatina,dumeril,"LESUEUR, 1818",,
6916,Squatina,formosa,"SHEN & TING, 1972",,
6922,Squatina,guggenheim,"MARINI, 1936",,
6926,Squatina,heteroptera,"CASTRO-AGUIRRE, ESPINOSA PÉREZ & HUIDOBRO CAMPOS, 2007",,
6927,Squatina,japonica,"BLEEKER, 1858",,
6929,Squatina,legnota,"LAST & WHITE, 2008",,
6933,Squatina,mexicana,"CASTRO-AGUIRRE, ESPINOSA PÉREZ & HUIDOBRO CAMPOS, 2007",,
6938,Squatina,nebulosa,"REGAN, 1906",,
6940,Squatina,occulta,"VOOREN & DA SILVA, 1991",,
6941,Squatina,oculata,"BONAPARTE, 1840",,
6943,Squatina,pseudocellata,"LAST & WHITE, 2008",,
6948,Squatina,squatina,"(LINNAEUS, 1758)",,
6950,Squatina,tergocellata,"MCCULLOCH, 1914",,
6951,Squatina,tergocellatoides,"CHEN, 1963",,
6969,Stegostoma,fasciatum,"(HERMANN, 1783)",,
7042,Sutorectus,tentaculatus,"(PETERS, 1864)",,
7047,Sympterygia,acuta,"GARMAN, 1877",,
7049,Sympterygia,bonapartii,"MÜLLER & HENLE, 1841",,
7050,Sympterygia,brevicaudata,"(COPE, 1877)",,
7052,Sympterygia,lima,"(POEPPIG, 1835)",,
7102,Taeniura,grabata,"(GEOFFROY SAINT-HILAIRE, 1817)",,
7103,Taeniura,lymma,"(FORSSKÅL, 1775)",,
10240,Taeniurops,meyeni,"(MÜLLER & HENLE, 1841)",,
7993,Tarsistes,philippii,"JORDAN, 1919",,
7119,Temera,hardwickii,"GRAY, 1831",,
14300,Tetronarce,cowleyi,"EBERT, HAAS & DE CARVALHO, 2015",,
13822,Tetronarce,formosa,"(HAAS & EBERT, 2006)",,
13823,Tetronarce,tokionis,"(TANAKA, 1908)",,
7157,Torpedo,adenensis,"CARVALHO, STEHMANN & MANILO, 2002",,
7160,Torpedo,alexandrinsis,"MAZHAR, 1987",,
7161,Torpedo,andersoni,"BULLIS, 1962",,
7163,Torpedo,bauchotae,"CADENAT, CAPAPÉ & DESOUTTER, 1978",,
7165,Torpedo,californica,"AYRES, 1855",,
7172,Torpedo,fairchildi,"HUTTON, 1872",,
7174,Torpedo,fuscomaculata,"PETERS, 1855",,
7179,Torpedo,mackayana,"METZELAAR, 1919",,
7180,Torpedo,macneilli,"(WHITLEY, 1932)",,
7181,Torpedo,marmorata,"RISSO, 1810",,
7182,Torpedo,microdiscus,"PARIN & KOTLYAR, 1985",,
7186,Torpedo,nobiliana,"BONAPARTE, 1835",,
7192,Torpedo,panthera,"OLFERS, 1831",,
7193,Torpedo,peruana,"CHIRICHIGNO, 1963",,
7198,Torpedo,puelcha,"LAHILLE, 1926",,
7200,Torpedo,semipelagica,"PARIN & KOTLYAR, 1985",,
7204,Torpedo,sinuspersici,"OLFERS, 1831",,
7208,Torpedo,suessii,"STEINDACHNER, 1898",,
7211,Torpedo,torpedo,"(LINNAEUS, 1758)",,
7212,Torpedo,tremens,"DE BUEN, 1959",,
7227,Triaenodon,obesus,"(RÜPPELL, 1837)",,
7231,Triakis,acutipinna,"KATO, 1968",,
7245,Triakis,maculata,"KNER & STEINDACHNER, 1867",,
7246,Triakis,megalopterus,"(SMITH, 1839)",,
7250,Triakis,scyllium,"MÜLLER & HENLE, 1839",,
7252,Triakis,semifasciata,"GIRARD, 1855",,
7269,Trigonognathus,kabeyai,"MOCHIZUKI & OHE, 1990",,
7357,Trygonoptera,galba,"LAST & YEARSLEY, 2008",,
7359,Trygonoptera,imitata,"YEARSLEY, LAST & GOMON, 2008",,
7362,Trygonoptera,mucosa,"(WHITLEY, 1939)",,
7364,Trygonoptera,ovalis,"LAST & GOMON, 1987",,
7367,Trygonoptera,personata,"LAST & GOMON, 1987",,
7369,Trygonoptera,testacea,"MÜLLER & HENLE, 1841",,
10838,Trygonorrhina,dumerilii,"(CASTELNAU, 1873)",,
7376,Trygonorrhina,fasciata,"MÜLLER & HENLE, 1841",,
7393,Typhlonarke,aysoni,"(HAMILTON, 1902)",,
7394,Typhlonarke,tarakea,"PHILLIPPS, 1929",,
7395,Urobatis,concentricus,"OSBURN & NICHOLS, 1916",,
7396,Urobatis,halleri,"(COOPER, 1863)",,
7397,Urobatis,jamaicensis,"(CUVIER, 1816)",,
7398,Urobatis,maculatus,"GARMAN, 1913",,
7399,Urobatis,marmoratus,"(PHILIPPI, 1892)",,
14324,Urobatis,pardalis,"DEL MORAL-FLORES, ANGULO, LÓPEZ & BUSSING, 2015",,
7403,Urobatis,tumbesensis,"(CHIRICHIGNO & McEACHRAN, 1979)",,
7407,Urogymnus,asperrimus,"(BLOCH & SCHNEIDER, 1801)",,
7417,Urolophus,armatus,"MÜLLER & HENLE, 1841",,
7420,Urolophus,aurantiacus,"MÜLLER & HENLE, 1841",,
7423,Urolophus,bucculentus,"MACLEAY, 1884",,
7425,Urolophus,circularis,"McKAY, 1966",,
7430,Urolophus,cruciatus,"(LACEPÈDE, 1804)",,
7431,Urolophus,deforgesi,"SÉRET & LAST, 2003",,
7433,Urolophus,expansus,"MCCULLOCH, 1916",,
7434,Urolophus,flavomosaicus,"LAST & GOMON, 1987",,
7435,Urolophus,gigas,"SCOTT, 1954",,
7438,Urolophus,javanicus,"(MARTENS, 1864)",,
7439,Urolophus,kaianus,"GÜNTHER, 1880",,
7440,Urolophus,kapalensis,"YEARSLEY & LAST, 2006",,
7441,Urolophus,lobatus,"MCKAY, 1966",,
7445,Urolophus,mitosis,"LAST & GOMON, 1987",,
7449,Urolophus,neocaledoniensis,"SÉRET & LAST, 2003",,
7451,Urolophus,orarius,"LAST & GOMON, 1987",,
7452,Urolophus,papilio,"SÉRET & LAST, 2003",,
7453,Urolophus,paucimaculatus,"DIXON, 1969",,
7454,Urolophus,piperatus,"SÉRET & LAST, 2003",,
7458,Urolophus,sufflavus,"WHITLEY, 1929",,
7462,Urolophus,viridis,"MCCULLOCH, 1916",,
7463,Urolophus,westraliensis,"LAST & GOMON, 1987",,
7466,Urotrygon,aspidura,"(JORDAN & GILBERT, 1882)",,
7469,Urotrygon,caudispinosus,"HILDEBRAND, 1946",,
7470,Urotrygon,chilensis,"(GÜNTHER, 1872)",,
7471,Urotrygon,cimar,"LÓPEZ & BUSSING, 1998",,
7475,Urotrygon,microphthalmum,"DELSMAN, 1941",,
7476,Urotrygon,munda,"GILL, 1863",,
7478,Urotrygon,nana,"MIYAKE & McEACHRAN, 1988",,
7479,Urotrygon,peruanus,"HILDEBRAND, 1946",,
7480,Urotrygon,reticulata,"MIYAKE & McEACHRAN, 1988",,
7481,Urotrygon,rogersi,"(JORDAN & STARKS, 1895)",,
7482,Urotrygon,serrula,"HILDEBRAND, 1946",,
7483,Urotrygon,simulatrix,"MIYAKE & McEACHRAN, 1988",,
7484,Urotrygon,venezuelae,"SCHULTZ, 1949",,
7543,Zameus,squamulosus,"(GÜNTHER, 1877)",,
7546,Zanobatus,schoenleinii,"(MÜLLER & HENLE, 1841)",,
7548,Zapteryx,brevirostris,"(MÜLLER & HENLE, 1841)",,
7549,Zapteryx,exasperata,"(JORDAN & GILBERT, 1880)",,
7550,Zapteryx,xyster,"JORDAN & EVERMANN, 1896",,
7551,Zearaja,chilensis,"(GUICHENOT, 1848)",,
7553,Zearaja,maugeana,"LAST & GLEDHILL, 2007",,
7554,Zearaja,nasuta,"(MÜLLER & HENLE, 1841)",,
GN001,Acroteriobatus,annulatus,,,
GN002,Acroteriobatus,blochii,,,
GN003,Acroteriobatus,leucospilus,,,
GN004,Acroteriobatus,ocellatus,,,
GN005,Acroteriobatus,salalah,,,
GN006,Acroteriobatus,variegatus,,,
GN007,Acroteriobatus,zanzibarensis,,,
GN008,Anacanthobatis,nanhaiensis,,,
GN009,Anacanthobatis,ori,,,
GN010,Anacanthobatis,stenosoma,,,
GN011,Bathyraja,kincaidi interrupta,,,
GN012,Bathyraja,microtrachys,,,
GN013,Beringraja,pulchra,,,
GN014,Callorhinchus,callorynchus,,,
GN015,Callorhinchus,capensis,,,
GN016,Callorhinchus,milii,,,
GN017,Carcharhinus,cerdale,,,
GN018,Carcharhinus,wheeleri,,,
GN019,Cephaloscyllium,maculatum,,,
GN020,Cephaloscyllium,pardelotum,,,
GN021,Chimaera,argiloba,,,
GN022,Chimaera,bahamaensis,,,
GN023,Chimaera,cubana,,,
GN024,Chimaera,fulva,,,
GN025,Chimaera,jordani,,,
GN026,Chimaera,lignaria,,,
GN027,Chimaera,macrospina,,,
GN028,Chimaera,monstrosa,,,
GN029,Chimaera,notafricana,,,
GN030,Chimaera,obscura,,,
GN031,Chimaera,opalescens,,,
GN032,Chimaera,owstoni,,,
GN033,Chimaera,panthera,,,
GN034,Chimaera,phantasma,,,
GN035,Dactylobatus,clarki,,,
GN036,Dasyatis,bennetti,,,
GN037,Deania,quadrispinosum,,,
GN038,Dentiraja,flindersi,,,
GN039,Dipturus,intermedia,,,
GN040,Dipturus,johannisdavesi,,,
GN041,Dipturus,leptocaudus,,,
GN042,Dipturus,pullopunctata,,,
GN043,Dipturus,trachydermus,,,
GN044,Glaucostegus,cemiculus,,,
GN045,Glaucostegus,obtusus,,,
GN046,Glaucostegus,spinosus,,,
GN047,Glaucostegus,thouin,,,
GN048,Glyphis,fowlerae,,,
GN049,Glyphis,siamensis,,,
GN050,Harriotta,haeckeli,,,
GN051,Harriotta,raleighana,,,
GN052,Hemipristis,elongatus,,,
GN053,Heteronarce,bentuvai,,,
GN054,Hexanchus,vitulus,,,
GN055,Himantura,oxyrhyncha,,,
GN056,Hongeo,koreana,,,
GN057,Hydrolagus,affinis,,,
GN058,Hydrolagus,africanus,,,
GN059,Hydrolagus,alberti,,,
GN060,Hydrolagus,alphus,,,
GN061,Hydrolagus,barbouri,,,
GN062,Hydrolagus,bemisi,,,
GN063,Hydrolagus,colliei,,,
GN064,Hydrolagus,deani,,,
GN065,Hydrolagus,eidolon,,,
GN066,Hydrolagus,homonycteris,,,
GN067,Hydrolagus,lemures,,,
GN068,Hydrolagus,lusitanicus,,,
GN069,Hydrolagus,macrophthalmus,,,
GN070,Hydrolagus,marmoratus,,,
GN071,Hydrolagus,matallanasi,,,
GN072,Hydrolagus,mccoskeri,,,
GN073,Hydrolagus,melanophasma,,,
GN074,Hydrolagus,mirabilis,,,
GN075,Hydrolagus,mitsukurii,,,
GN076,Hydrolagus,novaezealandiae,,,
GN077,Hydrolagus,ogilbyi,,,
GN078,Hydrolagus,pallidus,,,
GN079,Hydrolagus,purpurescens,,,
GN080,Hydrolagus,trolli,,,
GN081,Isistius,labialis,,,
GN082,Makararaja,chindwinensis,,,
GN083,Malacoraja,fuliginea,,,
GN084,Mobula,diabolus,,,
GN085,Myliobatis,australis,,,
GN086,Myliobatis,californicus,,,
GN087,Myliobatis,rhombus,,,
GN088,Narcine,bicolor,,,
GN089,Narcine,firma,,,
GN090,Neoharriotta,carri,,,
GN091,Neoharriotta,pinnata,,,
GN092,Neoharriotta,pumila,,,
GN093,Okamejei,porosa,,,
GN094,Pastinachus,atrus,,,
GN095,Potamotrygon,castexi,,,
GN096,Potamotrygon,dumerilii,,,
GN097,Potamotrygon,schuemacheri,,,
GN098,Proscyllium,venustum,,,
GN099,Proscymnodon,macracanthus,,,
GN100,Proscymnodon,plunketi,,,
GN101,Pteromylaeus,asperrimus,,,
GN102,Pteromylaeus,bovinus,,,
GN103,Raja,atriventralis,,,
GN104,Raja,macrorynchus,,,
GN105,Rajella,alia,,,
GN106,Rhinochimaera,africana,,,
GN107,Rhinochimaera,atlantica,,,
GN108,Rhinochimaera,pacifica,,,
GN109,Rhinoptera,hainanensis,,,
GN110,Rhinoptera,peli,,,
GN111,Rhinoraja,albomaculata,,,
GN112,Rhinoraja,macloviana,,,
GN113,Rhinoraja,magellanica,,,
GN114,Rhinoraja,multispinis,,,
GN115,Rhinoraja,murrayi,,,
GN116,Rhinoraja,taranetzi,,,
GN117,Scyliorhinus,besnardi,,,
GN118,Spiniraja,whitleyi,,,
GN119,Taeniurops,grabata,,,
GN120,Torpedo,formosa,,,
GN121,Torpedo,polleni,,,
GN122,Torpedo,tokionis,,,
GN123,Torpedo,zugmayeri,,,
GN124,Trygonorrhina,melaleuca,,,
GN125,Urogymnus,ukpam,,,
GN126,Zameus,ichiharai,,,
GN127,Zearaja,argentinensis,,,
